index,acc1,acc5,loss,macs,params,model_size,inference_time
0,0.8004331683168316,0.943069306930693,90.91504348814487,4367292136,88224232,336.5487365722656,0
1,0.7982673267326733,0.9390470297029703,91.92571540176868,4347618536,87830760,335.0477600097656,0
2,0.7936262376237624,0.9359529702970297,94.47143764793873,4327944936,87437288,333.5467834472656,0
3,0.7877475247524752,0.9356435643564357,96.74887850880623,4308271336,87043816,332.0458068847656,0
4,0.786200495049505,0.9328589108910891,98.60460130870342,4288597736,86650344,330.5448303222656,0
5,0.7846534653465347,0.931930693069307,100.40600790083408,4268924136,86256872,329.0438537597656,0
6,0.780940594059406,0.9285272277227723,103.07930706441402,4249250536,85863400,327.5428771972656,0
7,0.7747524752475248,0.9285272277227723,103.33193017542362,4229576936,85469928,326.0419006347656,0
8,0.7694925742574258,0.9192450495049505,113.02260961383581,4209903336,85076456,324.5409240722656,0
